Workbook

Sheet Farms
A1: FarmID | B1: FarmName | C1: CostPerUnitUSD | D1: WeeklySupply | E1: OnTimeRate | F1: CounterfeitRisk
A2: F1 | B2: Green Farm | C2: 1.2 | D2: 5000 | E2: 0.92 | F2: 0.03
A3: F2 | B3: Sun Farm | C3: 1.1 | D3: 6000 | E3: 0.9 | F3: 0.04
A4: F3 | B4: River Farm | C4: 1.3 | D4: 4000 | E4: 0.95 | F4: 0.02

Sheet Factory
A1: ProcessingCostPerUnitUSD | B1: DefectRate
A2: 0.5 | B2: 0.05

Sheet Stores
A1: StoreID | B1: StoreName | C1: WeeklyDemand | D1: SellingPriceUSD | E1: DelayCostPerUnitUSD
A2: S1 | B2: Downtown | C2: 4000 | D2: 3.5 | E2: 0.2
A3: S2 | B3: Uptown | C3: 3500 | D3: 3.6 | E3: 0.2
A4: S3 | B4: Suburb | C4: 3000 | D4: 3.4 | E4: 0.15

Sheet Farm to Store Shipments
A1: FarmID | B1: StoreID | C1: Units Shipped | D1: Weighted Selling Price
A2: F1 | B2: S1 | C2: 4000 | D2: =C2*_xlfn.XLOOKUP(B2,Stores!$A$1:$A$4,Stores!$D$1:$D$4) -> 14000
A3: F1 | B3: S2 | C3: 1000 | D3: =C3*_xlfn.XLOOKUP(B3,Stores!$A$1:$A$4,Stores!$D$1:$D$4) -> 3600
A4: F2 | B4: S2 | C4: 2500 | D4: =C4*_xlfn.XLOOKUP(B4,Stores!$A$1:$A$4,Stores!$D$1:$D$4) -> 9000
A5: F2 | B5: S3 | C5: 3500 | D5: =C5*_xlfn.XLOOKUP(B5,Stores!$A$1:$A$4,Stores!$D$1:$D$4) -> 11900
A6: F3 | B6: S1 | C6: 2000 | D6: =C6*_xlfn.XLOOKUP(B6,Stores!$A$1:$A$4,Stores!$D$1:$D$4) -> 7000
A7: F3 | B7: S3 | C7: 2000 | D7: =C7*_xlfn.XLOOKUP(B7,Stores!$A$1:$A$4,Stores!$D$1:$D$4) -> 6800

Sheet Shipping
A1: FarmID | B1: ShippingCostPerUnitUSD | C1: DelayProbability
A2: F1 | B2: 0.3 | C2: 0.08
A3: F2 | B3: 0.25 | C3: 0.1
A4: F3 | B4: 0.35 | C4: 0.05

Sheet Blockchain
A1: BlockchainWeeklyCostUSD | B1: CounterfeitReductionPercent
A2: 2000 | B2: 0.7

Sheet Calculations
A1: Farm | B1: Weekly Units | C1: Farm Cost | D1: Shipping Cost | E1: Processing Cost | F1: Unit Cost | G1: Total Weekly Cost | H1: Counterfeit Risk | I1: Delay Probability | J1: Defect Rate | K1: Selling Price | L1: Expected Counterfeit Loss | M1: Delay Cost Per Unit | N1: Expected Delay Loss | O1: Expected Defect Loss | P1: Total Expected Loss | R1: Blockchain Analysis | S1: Counterfeit Risk | T1: Total Expected Counterfeit Loss | U1: Total System Cost Without Blockchain | V1: Total System Cost With Blockchain | W1: Cost Difference
A2: F1 | B2: =_xlfn.XLOOKUP(A2,Farms!$A$1:$A$4,Farms!$D$1:$D$4) -> 5000 | C2: =_xlfn.XLOOKUP(A2,Farms!$A$1:$A$4,Farms!$C$1:$C$4) -> 1.2 | D2: =_xlfn.XLOOKUP(A2,Shipping!$A$1:$A$4,Shipping!$B$1:$B$4) -> 0.3 | E2: =Factory!$A$2 -> 0.5 | F2: =C2+D2+E2 -> 2 | G2: =F2*B2 -> 10000 | H2: =_xlfn.XLOOKUP(A2,Farms!$A$1:$A$4,Farms!$F$1:$F$4) -> 0.03 | I2: =_xlfn.XLOOKUP(A2,Shipping!$A$1:$A$4,Shipping!$C$1:$C$4) -> 0.08 | J2: =Factory!$B$2 -> 0.05 | K2: {=SUMPRODUCT(('Farm to Store Shipments'!$A$2:$A$7=Calculations!A2) * 'Farm to Store Shipments'!$C$2:$C$7 * _xlfn.XLOOKUP('Farm to Store Shipments'!$B$2:$B$7,Stores!$A$2:$A$4,Stores!$D$2:$D$4)) / SUMPRODUCT(('Farm to Store Shipments'!$A$2:$A$7=Calculations!A2) * 'Farm to Store Shipments'!$C$2:$C$7)} -> 3.52 | L2: =B2*H2*K2 -> 528 | M2: {=SUMPRODUCT(('Farm to Store Shipments'!$A$2:$A$7=Calculations!A2) * 'Farm to Store Shipments'!$C$2:$C$7 * _xlfn.XLOOKUP('Farm to Store Shipments'!$B$2:$B$7,Stores!$A$2:$A$4,Stores!$E$2:$E$4)) / SUMPRODUCT(('Farm to Store Shipments'!$A$2:$A$7=Calculations!A2) * 'Farm to Store Shipments'!$C$2:$C$7)} -> 0.2 | N2: =B2*I2*M2 -> 80 | O2: =B2*J2*K2 -> 880 | P2: =L2+N2+O2 -> 1488 | S2: =H2 * (1-0.7) -> 0.009 | T2: =SUMPRODUCT(B2:B4,S2:S4,K2:K4) -> 492 | U2: =G7+P2+P3+P4 -> 34172.5 | V2: =2000+G7+N2+O2+N3+O3+N4+O4+T2 -> 35024.5 | W2: =V2-U2 -> 852
A3: F2 | B3: =_xlfn.XLOOKUP(A3,Farms!$A$1:$A$4,Farms!$D$1:$D$4) -> 6000 | C3: =_xlfn.XLOOKUP(A3,Farms!$A$1:$A$4,Farms!$C$1:$C$4) -> 1.1 | D3: =_xlfn.XLOOKUP(A3,Shipping!$A$1:$A$4,Shipping!$B$1:$B$4) -> 0.25 | E3: =Factory!$A$2 -> 0.5 | F3: =C3+D3+E3 -> 1.85 | G3: =F3*B3 -> 11100 | H3: =_xlfn.XLOOKUP(A3,Farms!$A$1:$A$4,Farms!$F$1:$F$4) -> 0.04 | I3: =_xlfn.XLOOKUP(A3,Shipping!$A$1:$A$4,Shipping!$C$1:$C$4) -> 0.1 | J3: =Factory!$B$2 -> 0.05 | K3: {=SUMPRODUCT(('Farm to Store Shipments'!$A$2:$A$7=Calculations!A3) * 'Farm to Store Shipments'!$C$2:$C$7 * _xlfn.XLOOKUP('Farm to Store Shipments'!$B$2:$B$7,Stores!$A$2:$A$4,Stores!$D$2:$D$4)) / SUMPRODUCT(('Farm to Store Shipments'!$A$2:$A$7=Calculations!A3) * 'Farm to Store Shipments'!$C$2:$C$7)} -> 3.4833333 | L3: =B3*H3*K3 -> 836 | M3: {=SUMPRODUCT(('Farm to Store Shipments'!$A$2:$A$7=Calculations!A3) * 'Farm to Store Shipments'!$C$2:$C$7 * _xlfn.XLOOKUP('Farm to Store Shipments'!$B$2:$B$7,Stores!$A$2:$A$4,Stores!$E$2:$E$4)) / SUMPRODUCT(('Farm to Store Shipments'!$A$2:$A$7=Calculations!A3) * 'Farm to Store Shipments'!$C$2:$C$7)} -> 0.17083333 | N3: =B3*I3*M3 -> 102.5 | O3: =B3*J3*K3 -> 1045 | P3: =L3+N3+O3 -> 1983.5 | S3: =H3 * (1-0.7) -> 0.012
A4: F3 | B4: =_xlfn.XLOOKUP(A4,Farms!$A$1:$A$4,Farms!$D$1:$D$4) -> 4000 | C4: =_xlfn.XLOOKUP(A4,Farms!$A$1:$A$4,Farms!$C$1:$C$4) -> 1.3 | D4: =_xlfn.XLOOKUP(A4,Shipping!$A$1:$A$4,Shipping!$B$1:$B$4) -> 0.35 | E4: =Factory!$A$2 -> 0.5 | F4: =C4+D4+E4 -> 2.15 | G4: =F4*B4 -> 8600 | H4: =_xlfn.XLOOKUP(A4,Farms!$A$1:$A$4,Farms!$F$1:$F$4) -> 0.02 | I4: =_xlfn.XLOOKUP(A4,Shipping!$A$1:$A$4,Shipping!$C$1:$C$4) -> 0.05 | J4: =Factory!$B$2 -> 0.05 | K4: {=SUMPRODUCT(('Farm to Store Shipments'!$A$2:$A$7=Calculations!A4) * 'Farm to Store Shipments'!$C$2:$C$7 * _xlfn.XLOOKUP('Farm to Store Shipments'!$B$2:$B$7,Stores!$A$2:$A$4,Stores!$D$2:$D$4)) / SUMPRODUCT(('Farm to Store Shipments'!$A$2:$A$7=Calculations!A4) * 'Farm to Store Shipments'!$C$2:$C$7)} -> 3.45 | L4: =B4*H4*K4 -> 276 | M4: {=SUMPRODUCT(('Farm to Store Shipments'!$A$2:$A$7=Calculations!A4) * 'Farm to Store Shipments'!$C$2:$C$7 * _xlfn.XLOOKUP('Farm to Store Shipments'!$B$2:$B$7,Stores!$A$2:$A$4,Stores!$E$2:$E$4)) / SUMPRODUCT(('Farm to Store Shipments'!$A$2:$A$7=Calculations!A4) * 'Farm to Store Shipments'!$C$2:$C$7)} -> 0.175 | N4: =B4*I4*M4 -> 35 | O4: =B4*J4*K4 -> 690 | P4: =L4+N4+O4 -> 1001 | S4: =H4 * (1-0.7) -> 0.006
E6: Didn't use XLOOKUP because constant for all farms | G6: Total Production Cost: | J6: Didn't use XLOOKUP because constant for all farms | K6: Weighted average by units | L6: Total Expected Counterfeit Loss (using SUMPRODUCT): | M6: Weighted average by units | P6: Highest Loss (using LARGE):
G7: =SUM(G2:G4) -> 29700 | L7: =SUMPRODUCT(B2:B4,H2:H4,K2:K4) -> 1640 | P7: =LARGE(P2:P4,1) -> 1983.5
L8: Total Expected Counterfeit Loss (using SUM to double check): | P8: ID of farm (using XLOOKUP):
L9: =SUM(L2:L4) -> 1640 | P9: =_xlfn.XLOOKUP(P7,P1:P4,A1:A4) -> F2
P10: Name of farm (using XLOOKUP):
P11: =_xlfn.XLOOKUP(P9,Farms!A1:A4,Farms!B1:B4) -> Sun Farm

Sheet Ledger
A1: Block # | B1: From | C1: To | D1: Units | E1: Previous Hash | F1: Hash
A2: 1 | B2: Farm | C2: Factory | D2: 10000 | E2: GENESIS | F2: =LEFT(A2)&RIGHT(A2)&LEFT(B2)&RIGHT(B2)&LEFT(C2)&RIGHT(C2)&LEFT(D2)&RIGHT(D2)&E2 -> 11FmFy10GENESIS
A3: 2 | B3: Factory | C3: Store | D3: 5000 | E3: =F2 -> 11FmFy10GENESIS | F3: =LEFT(A3)&RIGHT(A3)&LEFT(B3)&RIGHT(B3)&LEFT(C3)&RIGHT(C3)&LEFT(D3)&RIGHT(D3)&E3 -> 22FySe5011FmFy10GENESIS
A4: 3 | B4: Store | C4: Retailer | D4: 800 | E4: =F3 -> 22FySe5011FmFy10GENESIS | F4: =LEFT(A4)&RIGHT(A4)&LEFT(B4)&RIGHT(B4)&LEFT(C4)&RIGHT(C4)&LEFT(D4)&RIGHT(D4)&E4 -> 33SeRr8022FySe5011FmFy10GENESIS
A5: 4 | B5: Retailer | C5: Buyer | D5: 40 | E5: =F4 -> 33SeRr8022FySe5011FmFy10GENESIS | F5: =LEFT(A5)&RIGHT(A5)&LEFT(B5)&RIGHT(B5)&LEFT(C5)&RIGHT(C5)&LEFT(D5)&RIGHT(D5)&E5 -> 44RrBr4033SeRr8022FySe5011FmFy10GENESIS
A6: 5 | B6: Buyer | C6: Individual | D6: 15 | E6: =F5 -> 44RrBr4033SeRr8022FySe5011FmFy10GENESIS | F6: =LEFT(A6)&RIGHT(A6)&LEFT(B6)&RIGHT(B6)&LEFT(C6)&RIGHT(C6)&LEFT(D6)&RIGHT(D6)&E6 -> 55BrIl1544RrBr4033SeRr8022FySe5011FmFy10GENESIS
F8: There are some obvious issues with my hash alogrithm such as how it directly incorporates the previous hash and results in a longer and longer length. However, because there are no specifications for the hash function in the assignment, this algorithm still does the job of reflecting when data is tampered with in the chain

Sheet Answers
A1: Part 1:
A2: Should the company adopt blockchain? No, the total weekly cost with blockchain is greater than the total weekly cost without blockchain primarily because of the $2000 weekly cost that comes associated with blockchain technology. Even though there is considerably less loss due to counterfeit with blockchain technology, that does not do merely enough to offset the $2000 weekly cost of running blockchain technology. If each farms were selling more units every week, the fixed blockchain technology cost would eventually be overcome, but currently that is not the case.
A3: What happened to the hashes in the later blocks? When I changed the unit value in block 2, the hashes of all later blocks changed. This is because some information of units is encapsulated in the hash of block 2, and each later block references the hash from the previous block, which includes the changed block 2 hash.
A4: Why does this demonstrate how blockchain prevents tampering? This very characteristic demonstrates how blockchain prevents tampering because one change in the ledger at some index is reflected across all later indicides. When comparing the chain on a particular device with the rest of the network, all subsequent blocks on the device that was tampered with will have different hashes than the rest of the network. This adds an extra layer of security because of how "tampering" changes are reflected beyond just the block that was actually tampered with.
A5: Why would this improve supply chain transparency? This improves supply chain transparency for a number of reasons. 1. It's fundamentally hard to alter and tamper with data because of the fundamental characteristics of blockchain technology. In practicality, this deincentivises players in any step of the supply chian from misconstruing their stage of data because discrepencies are very easily spotted. 2. block chain offers a way to track a product from the very first inputs of production all the way to the consumer and even post-usage by the consumer. The linked structure of blockchain offers a chronological tracking of all the steps the product has taken in order. 3. The blockchain data is shared across all players of the supply chain ensuring everyone sees the same verified data.
A7: Part 2:
A8: End of year balance at 65: $5,692,212
A9: How much to withdraw at 66?: $154,984.33
